0,1,2,3,4,5,6,7,8,9,10,11,12,13,14,15,16,17,18,19,20,21,22,23,24,25,26,27,28,29,30,31,32,33,34,35,36,37,38,39,40,41,42,43,44,45,46,47,48,49
win,officer,fit,rare,present,feed,touch,pocket,service,speaker,nt,chance,often,hardware,connect,enter,exhibition,viral,disease,ca,hot,lock,wheelchair,speak,room,teen,someone,john,pitch,finally,door,startup,bright,diagnose,terminal,picture,disability,6,push,button,security,luggage,far,durable,vote,arm,stage,brand,foster,fear
musician,photographer,die,million,capture,meal,drink,craft,planet,voyager,poet,wine,plant,moment,democratic,instagram,healthy,night,benefit,produce,side,prepare,color,view,poetry,press,blind,installation,emerge,fellow,recipe,document,secure,key,london,beer,catch,ig,discover,deadly,photography,wall,interview,miss,inspiration,spirit,lifetime,60,trend,star
bear,birthday,comic_strip,wear,shelter,graphic,recently,25,las,cook,husband,author,involve,vegas,anthology,combine,believe,novel,tuesday,personal,female,really,chef,struggle,1000,immersive,path,passion,cape,forget,kick,50,generosity,focus,search,curator,publish,drive,financial,begin,lead,mark,friday,thought,comic,cofounder,balance,worth,white,skin
democratic,worlds,card,teacher,perfect,sleep,fast,backpack,air,foot,issue,clean,body,award,less,affordable,track,tiny,sustainable,health,ultimate,app,waste,waterproof,innovative,risk,flashsale,green,allow,la,innovation,30,plastic,pro,cold,comfort,cure,paper,real,quality,monitor,fresh,lightweight,reduce,writing,doctor,maker,winter,wherever,de
stranger,invest,mother,toy,medium,street,wish,social,public,bill,director,machine,surprise,drip,member,another,act,american,guy,queer,charity,explain,compact,anyone,political,moon,advice,order,remember,south,creativity,giving,donation,reach,michael,pet,us,microventure,archive,race,happen,grant,society,march,action,11,tci,moment,draw,complete
robot,veteran,california,baby,steal,true,coffee,ago,battle,vet,earbud,news,bluetooth,san,nearly,florida,15,hard,brain,move,morning,attack,20,neighbor,couple,album,computer,past,area,audio,headphone,york,elderly,van,deliver,begin,super,internet,survive,hi,model,senior,state,research,town,restore,person,30,6,los
process,record,access,afford,earth,sign,teach,collaboration,america,question,band,success,party,drone,pm,arrow,practice,importance,successful,20,lens,virtual,september,fly,ces,advice,challenge,upgrade,point,exercise,electronic,material,ready,code,attention,duty,release,education,conversation,lesson,james,webinar,blue,manufacturing,different,develop,pt,vinyl,spot,evolve
rescue,donor,3d,digital,anywhere,popup,summer,cut,age,gaming,transform,mask,wife,deserve,print,mini,nation,inside,modern,hair,studio,democratic,printer,type,beat,advanced,daily,failure,voice,career,fun,pup,leg,nowthis,nothing,lamp,4k,wave,glass,20,song,gym,sensor,prevent,handheld,publishing,artwork,activist,image,color
2017,holiday,season,culture,medical,walk,podcast,visual,internet,listen,shoe,college,york,group,human,episode,neighborhood,sick,piece,close,chicago,organization,nonprofit,shop,refugee,theater,ai,sport,sun,four,40,nyc,cat,plan,movie,fundraise,important,whole,resource,finish,july,editor,workshop,animate,almost,quick,north,justice,staff,connect
difference,magazine,incredible,hurricane,special,festival,burn,police,2019,already,guide,givingtuesday,job,invite,effort,form,beyond,truck,affect,five,wildfire,hundred,platform,recovery,tragedy,recover,language,harvey,collect,destroy,hub,texas,resident,charger,energy,relief,heroes,spread,base,driver,entire,sundance,media,pass,injure,expand,continue,accident,austin,bus
phone,solar,pack,performance,electric,trip,smartphone,techthursday,sister,force,kit,owner,station,mobile,dance,kickstarterfunded,battery,wallet,treatment,road,case,island,brother,wearable,surgery,control,condition,charging,tragic,patient,motion,block,radio,loss,replace,therapy,bank,hammock,modular,narrative,laptop,athlete,contemporary,sibling,camp,bone,guard,pizza,diy,cable
lunch,daughter,christmas,shooting,kill,sell,personal,lemonade,museum,bottle,might,deal,cool,shoot,debt,board,serve,protect,national,ice,12,tree,minute,ride,mile,smile,survivor,eye,shape,sweet,teen,carry,strong,fall,co,class,four,beloved,assistant,santa,justin,preserve,single,revolutionary,portrait,close,train,cast,tragically,ill
